Photo_ID,Species_name,Tooth,Diet,Habitat,Extinct_Extant,IUCN
A_edwardsi_UM.APC_1,Archaeolemur_edwardsi,UL,fruit,grassland,extinct,extinct
A_edwardsi_UM.APC_2,Archaeolemur_edwardsi,UR,fruit,grassland,extinct,extinct
A_edwardsi_UM.APC_3,Archaeolemur_edwardsi,LL,fruit,grassland,extinct,extinct
A_edwardsi_UM.APC_4,Archaeolemur_edwardsi,LR,fruit,grassland,extinct,extinct
A_laniger_AMNH_100635_1,Avahi_laniger,UL,leaves,wet_forest,extant,vulnerable
A_laniger_AMNH_100635_2,Avahi_laniger,UR,leaves,wet_forest,extant,vulnerable
A_laniger_AMNH_100635_3,Avahi_laniger,TC,leaves,wet_forest,extant,vulnerable
A_laniger_AMNH_100635_4,Avahi_laniger,LL,leaves,wet_forest,extant,vulnerable
A_laniger_AMNH_100635_5,Avahi_laniger,LR,leaves,wet_forest,extant,vulnerable
A_laniger_AMNH_100637_1,Avahi_laniger,UL,leaves,wet_forest,extant,vulnerable
A_laniger_AMNH_100637_2,Avahi_laniger,UR,leaves,wet_forest,extant,vulnerable
A_laniger_AMNH_100637_3,Avahi_laniger,LR,leaves,wet_forest,extant,vulnerable
A_laniger_AMNH_170494_1,Avahi_laniger,UL,leaves,wet_forest,extant,vulnerable
A_laniger_AMNH_170494_2,Avahi_laniger,UR,leaves,wet_forest,extant,vulnerable
A_laniger_AMNH_170494_3,Avahi_laniger,LL,leaves,wet_forest,extant,vulnerable
A_laniger_AMNH_170494_4,Avahi_laniger,LR,leaves,wet_forest,extant,vulnerable
A_majori_NHMV_1934_IV_II_1,Archaeolemur_majori,LL,fruit,mixed,extinct,extinct
A_majori_Paris_1906.16_1,Archaeolemur_majori,LR,fruit,mixed,extinct,extinct
A_majori_UM.ADCC_166_1,Archaeolemur_majori,UR,fruit,mixed,extinct,extinct
A_majori_UM.ADCC_169_1,Archaeolemur_majori,LR,fruit,mixed,extinct,extinct
A_majori_UM.ADCC_1906.16_1,Archaeolemur_majori,LL,fruit,mixed,extinct,extinct
A_majori_UM.ADCC_1906.16_2,Archaeolemur_majori,LR,fruit,mixed,extinct,extinct
A_majori_UM.ADCC_238_1,Archaeolemur_majori,LR,fruit,mixed,extinct,extinct
A_majori_UM.ADCC_749_1,Archaeolemur_majori,UR,fruit,mixed,extinct,extinct
A_majori_UM.ADCC_750_1,Archaeolemur_majori,UL,fruit,mixed,extinct,extinct
A_majori_UM.ADCC_uncatalogued_1,Archaeolemur_majori,LR,fruit,mixed,extinct,extinct
A_majori_UM.APC_1,Archaeolemur_majori,LL,fruit,mixed,extinct,extinct
A_majori_UM.APC_2,Archaeolemur_majori,LR,fruit,mixed,extinct,extinct
Archaeolemur_DPC_10851_1,Archaeolemur,LL,fruit,grassland,extinct,extinct
Archaeolemur_DPC_10852_1,Archaeolemur,LL,fruit,grassland,extinct,extinct
Archaeolemur_DPC_10852_2,Archaeolemur,LR,fruit,grassland,extinct,extinct
Archaeolemur_DPC_10903_1,Archaeolemur,LL,fruit,grassland,extinct,extinct
Archaeolemur_DPC_10903_2,Archaeolemur,LR,fruit,grassland,extinct,extinct
Archaeolemur_DPC_11830_1,Archaeolemur,UL,fruit,grassland,extinct,extinct
Archaeolemur_DPC_11830_2,Archaeolemur,LL,fruit,grassland,extinct,extinct
Archaeolemur_DPC_11830_3,Archaeolemur,LR,fruit,grassland,extinct,extinct
Archaeolemur_DPC_12878_1,Archaeolemur,UL,fruit,grassland,extinct,extinct
Archaeolemur_DPC_12878_2,Archaeolemur,UR,fruit,grassland,extinct,extinct
Archaeolemur_DPC_12878_3,Archaeolemur,LR,fruit,grassland,extinct,extinct
Archaeolemur_DPC_12881_1,Archaeolemur,UR,fruit,grassland,extinct,extinct
Archaeolemur_DPC_12881_2,Archaeolemur,LL,fruit,grassland,extinct,extinct
Archaeolemur_DPC_12881_3,Archaeolemur,LR,fruit,grassland,extinct,extinct
Archaeolemur_DPC_20704_1,Archaeolemur,LL,fruit,grassland,extinct,extinct
B_radofilai_DPC_25345_1,Babakotia_radofilai,UL,fruit,dry_forest,extinct,extinct
B_radofilai_DPC_25345_2,Babakotia_radofilai,UR,fruit,dry_forest,extinct,extinct
B_radofilai_UM.ADCC_271_1,Babakotia_radofilai,LR,fruit,dry_forest,extinct,extinct
B_radofilai_UM.ADCC_273_1,Babakotia_radofilai,LR,fruit,dry_forest,extinct,extinct
B_radofilai_UM.ADCC_280_1,Babakotia_radofilai,UR,fruit,dry_forest,extinct,extinct
B_radofilai_UM.APC_1,Babakotia_radofilai,LR,fruit,dry_forest,extinct,extinct
Babakotia_DPC_2_1,Babakotia_radofilai,LL,fruit,dry_forest,extinct,extinct
Babakotia_DPC_3_1,Babakotia_radofilai,LL,fruit,dry_forest,extinct,extinct
Babakotia_DPC_4_1,Babakotia_radofilai,UL,fruit,dry_forest,extinct,extinct
Babakotia_DPC_4_2,Babakotia_radofilai,UR,fruit,dry_forest,extinct,extinct
Babakotia_DPC_1,Babakotia_radofilai,UR,fruit,dry_forest,extinct,extinct
C_medius_AMNH_100652_1,Cheirogaleus_medius,UL,fruit,mixed,extant,least_concern
C_medius_AMNH_100652_2,Cheirogaleus_medius,UR,fruit,mixed,extant,least_concern
C_medius_AMNH_100652_3,Cheirogaleus_medius,TC,fruit,mixed,extant,least_concern
C_medius_AMNH_100652_4,Cheirogaleus_medius,LL,fruit,mixed,extant,least_concern
C_medius_AMNH_100652_5,Cheirogaleus_medius,LR,fruit,mixed,extant,least_concern
C_medius_AMNH_100654_1,Cheirogaleus_medius,UL,fruit,mixed,extant,least_concern
C_medius_AMNH_100654_2,Cheirogaleus_medius,UR,fruit,mixed,extant,least_concern
C_medius_AMNH_100654_3,Cheirogaleus_medius,TC,fruit,mixed,extant,least_concern
C_medius_AMNH_100654_4,Cheirogaleus_medius,LL,fruit,mixed,extant,least_concern
C_medius_AMNH_100654_5,Cheirogaleus_medius,LR,fruit,mixed,extant,least_concern
C_medius_AMNH_196618_1,Cheirogaleus_medius,UL,fruit,mixed,extant,least_concern
C_medius_AMNH_196618_2,Cheirogaleus_medius,UR,fruit,mixed,extant,least_concern
C_medius_AMNH_196618_3,Cheirogaleus_medius,TC,fruit,mixed,extant,least_concern
C_medius_AMNH_196618_4,Cheirogaleus_medius,LL,fruit,mixed,extant,least_concern
C_medius_AMNH_196618_5,Cheirogaleus_medius,LR,fruit,mixed,extant,least_concern
C_medius_DPC_31_1,Cheirogaleus_medius,UL,fruit,mixed,extant,least_concern
C_medius_DPC_31_2,Cheirogaleus_medius,UR,fruit,mixed,extant,least_concern
C_medius_DPC_31_3,Cheirogaleus_medius,TC,fruit,mixed,extant,least_concern
C_medius_DPC_31_4,Cheirogaleus_medius,LL,fruit,mixed,extant,least_concern
C_medius_DPC_31_5,Cheirogaleus_medius,LR,fruit,mixed,extant,least_concern
C_medius_DPC_34_1,Cheirogaleus_medius,UL,fruit,mixed,extant,least_concern
C_medius_DPC_34_2,Cheirogaleus_medius,UR,fruit,mixed,extant,least_concern
C_medius_DPC_34_3,Cheirogaleus_medius,LL,fruit,mixed,extant,least_concern
C_medius_DPC_34_4,Cheirogaleus_medius,LR,fruit,mixed,extant,least_concern
D_madagascariensis_AMNH_100632_1,Daubentonia_madagascariensis,UL,omnivore,mixed,extant,na
D_madagascariensis_AMNH_100632_2,Daubentonia_madagascariensis,UR,omnivore,mixed,extant,na
D_madagascariensis_AMNH_100632_3,Daubentonia_madagascariensis,TC,omnivore,mixed,extant,na
D_madagascariensis_AMNH_100632_4,Daubentonia_madagascariensis,LL,omnivore,mixed,extant,na
D_madagascariensis_AMNH_100632_5,Daubentonia_madagascariensis,LR,omnivore,mixed,extant,na
D_madagascariensis_AMNH_41334_1,Daubentonia_madagascariensis,UL,omnivore,mixed,extant,na
D_madagascariensis_AMNH_41334_2,Daubentonia_madagascariensis,UR,omnivore,mixed,extant,na
D_madagascariensis_AMNH_41334_3,Daubentonia_madagascariensis,TC,omnivore,mixed,extant,na
D_madagascariensis_AMNH_41334_4,Daubentonia_madagascariensis,LL,omnivore,mixed,extant,na
D_madagascariensis_AMNH_41334_5,Daubentonia_madagascariensis,LR,omnivore,mixed,extant,na
E_collaris_AMNH_170749_1,Eulemur_collaris,UL,fruit,wet_forest,extant,endangered
E_collaris_AMNH_170749_2,Eulemur_collaris,UR,fruit,wet_forest,extant,endangered
E_collaris_AMNH_170749_3,Eulemur_collaris,TC,fruit,wet_forest,extant,endangered
E_collaris_AMNH_170749_4,Eulemur_collaris,LL,fruit,wet_forest,extant,endangered
E_collaris_AMNH_170749_5,Eulemur_collaris,LR,fruit,wet_forest,extant,endangered
E_collaris_AMNH_170766_1,Eulemur_collaris,UL,fruit,wet_forest,extant,endangered
E_collaris_AMNH_170766_2,Eulemur_collaris,UR,fruit,wet_forest,extant,endangered
E_collaris_AMNH_170766_3,Eulemur_collaris,TC,fruit,wet_forest,extant,endangered
E_collaris_AMNH_170766_4,Eulemur_collaris,LL,fruit,wet_forest,extant,endangered
E_collaris_AMNH_170766_5,Eulemur_collaris,LR,fruit,wet_forest,extant,endangered
E_collaris_AMNH_170773_1,Eulemur_collaris,UL,fruit,wet_forest,extant,endangered
E_collaris_AMNH_170773_2,Eulemur_collaris,UR,fruit,wet_forest,extant,endangered
E_collaris_AMNH_170773_3,Eulemur_collaris,TC,fruit,wet_forest,extant,endangered
E_collaris_AMNH_170773_4,Eulemur_collaris,LL,fruit,wet_forest,extant,endangered
E_collaris_AMNH_170773_5,Eulemur_collaris,LR,fruit,wet_forest,extant,endangered
E_coronatus_AMNH_100613_1,Eulemur_coronatus,UL,fruit,mixed,extant,endangered
E_coronatus_AMNH_100613_2,Eulemur_coronatus,UR,fruit,mixed,extant,endangered
E_coronatus_AMNH_100613_3,Eulemur_coronatus,TC,fruit,mixed,extant,endangered
E_coronatus_AMNH_100613_4,Eulemur_coronatus,LL,fruit,mixed,extant,endangered
E_coronatus_AMNH_100613_5,Eulemur_coronatus,LR,fruit,mixed,extant,endangered
E_coronatus_AMNH_100617_1,Eulemur_coronatus,UL,fruit,mixed,extant,endangered
E_coronatus_AMNH_100617_2,Eulemur_coronatus,UR,fruit,mixed,extant,endangered
E_coronatus_AMNH_100617_3,Eulemur_coronatus,TC,fruit,mixed,extant,endangered
E_coronatus_AMNH_100617_4,Eulemur_coronatus,LL,fruit,mixed,extant,endangered
E_coronatus_AMNH_100617_5,Eulemur_coronatus,LR,fruit,mixed,extant,endangered
E_coronatus_UM.APC_332_1,Eulemur_coronatus,UL,fruit,mixed,extant,endangered
E_coronatus_UM.APC_332_2,Eulemur_coronatus,UR,fruit,mixed,extant,endangered
E_coronatus_UM.APC_332_3,Eulemur_coronatus,TC,fruit,mixed,extant,endangered
E_coronatus_UM.APC_332_4,Eulemur_coronatus,LL,fruit,mixed,extant,endangered
E_coronatus_UM.APC_332_5,Eulemur_coronatus,LR,fruit,mixed,extant,endangered
E_f_rufus_UM.APC_335_1,Eulemur_rufus,UL,omnivore,dry_forest,extant,vulnerable
E_f_rufus_UM.APC_335_2,Eulemur_rufus,UR,omnivore,dry_forest,extant,vulnerable
E_f_rufus_UM.APC_335_3,Eulemur_rufus,LL,omnivore,dry_forest,extant,vulnerable
E_f_rufus_UM.APC_335_4,Eulemur_rufus,LR,omnivore,dry_forest,extant,vulnerable
E_fulvus_AMNH_19159_1,Eulemur_fulvus,UL,mixed,mixed,extant,near_threatened
E_fulvus_AMNH_19159_2,Eulemur_fulvus,UR,mixed,mixed,extant,near_threatened
E_fulvus_AMNH_19159_3,Eulemur_fulvus,TC,mixed,mixed,extant,near_threatened
E_fulvus_AMNH_19159_4,Eulemur_fulvus,LL,mixed,mixed,extant,near_threatened
E_fulvus_AMNH_19159_5,Eulemur_fulvus,LR,mixed,mixed,extant,near_threatened
E_macaco_AMNH_100530_1,Eulemur_macaco,UL,fruit,mixed,extant,vulnerable
E_macaco_AMNH_100530_2,Eulemur_macaco,UR,fruit,mixed,extant,vulnerable
E_macaco_AMNH_100530_4,Eulemur_macaco,LL,fruit,mixed,extant,vulnerable
E_macaco_AMNH_100530_5,Eulemur_macaco,LR,fruit,mixed,extant,vulnerable
E_macaco_AMNH_100606_1,Eulemur_macaco,UL,fruit,mixed,extant,vulnerable
E_macaco_AMNH_100606_2,Eulemur_macaco,UR,fruit,mixed,extant,vulnerable
E_macaco_AMNH_100606_3,Eulemur_macaco,TC,fruit,mixed,extant,vulnerable
E_macaco_AMNH_100606_4,Eulemur_macaco,LL,fruit,mixed,extant,vulnerable
E_macaco_AMNH_100606_5,Eulemur_macaco,LR,fruit,mixed,extant,vulnerable
E_macaco_YPM_991_1,Eulemur_macaco,UL,fruit,mixed,extant,vulnerable
E_macaco_YPM_991_2,Eulemur_macaco,UR,fruit,mixed,extant,vulnerable
E_macaco_YPM_991_3,Eulemur_macaco,TC,fruit,mixed,extant,vulnerable
E_macaco_YPM_991_4,Eulemur_macaco,LL,fruit,mixed,extant,vulnerable
E_macaco_YPM_991_5,Eulemur_macaco,LR,fruit,mixed,extant,vulnerable
E_mongoz_AMNH_100516_1,Eulemur_mongoz,UL,fruit,dry_forest,extant,critically_endangered
E_mongoz_AMNH_100516_2,Eulemur_mongoz,UR,fruit,dry_forest,extant,critically_endangered
E_mongoz_AMNH_100516_3,Eulemur_mongoz,LL,fruit,dry_forest,extant,critically_endangered
E_mongoz_AMNH_100516_4,Eulemur_mongoz,LR,fruit,dry_forest,extant,critically_endangered
E_mongoz_AMNH_100539_1,Eulemur_mongoz,UL,fruit,dry_forest,extant,critically_endangered
E_mongoz_AMNH_100539_2,Eulemur_mongoz,UR,fruit,dry_forest,extant,critically_endangered
E_mongoz_AMNH_100539_3,Eulemur_mongoz,LL,fruit,dry_forest,extant,critically_endangered
E_mongoz_AMNH_100539_4,Eulemur_mongoz,LR,fruit,dry_forest,extant,critically_endangered
E_mongoz_AMNH_100608_1,Eulemur_mongoz,UL,fruit,dry_forest,extant,critically_endangered
E_mongoz_AMNH_100608_2,Eulemur_mongoz,TC,fruit,dry_forest,extant,critically_endangered
E_mongoz_AMNH_100608_3,Eulemur_mongoz,LL,fruit,dry_forest,extant,critically_endangered
E_mongoz_AMNH_100608_4,Eulemur_mongoz,LR,fruit,dry_forest,extant,critically_endangered
E_mongoz_UM.APC_283_1,Eulemur_mongoz,UL,fruit,dry_forest,extant,critically_endangered
E_mongoz_UM.APC_283_2,Eulemur_mongoz,UR,fruit,dry_forest,extant,critically_endangered
E_mongoz_UM.APC_283_4,Eulemur_mongoz,LL,fruit,dry_forest,extant,critically_endangered
E_mongoz_UM.APC_283_5,Eulemur_mongoz,LR,fruit,dry_forest,extant,critically_endangered
E_mongoz_UM.APC_300_1,Eulemur_mongoz,UL,fruit,dry_forest,extant,critically_endangered
E_mongoz_UM.APC_300_2,Eulemur_mongoz,UR,fruit,dry_forest,extant,critically_endangered
E_mongoz_UM.APC_300_3,Eulemur_mongoz,TC,fruit,dry_forest,extant,critically_endangered
E_mongoz_UM.APC_300_4,Eulemur_mongoz,LL,fruit,dry_forest,extant,critically_endangered
E_mongoz_UM.APC_300_5,Eulemur_mongoz,LR,fruit,dry_forest,extant,critically_endangered
E_rubriventer_AMNH_100567_1,Eulemur_rubriventer,UL,fruit,wet_forest,extant,vulnerable
E_rubriventer_AMNH_100567_2,Eulemur_rubriventer,UR,fruit,wet_forest,extant,vulnerable
E_rubriventer_AMNH_100567_3,Eulemur_rubriventer,LL,fruit,wet_forest,extant,vulnerable
E_rubriventer_AMNH_100567_4,Eulemur_rubriventer,LR,fruit,wet_forest,extant,vulnerable
E_rubriventer_AMNH_100603_1,Eulemur_rubriventer,UL,fruit,wet_forest,extant,vulnerable
E_rubriventer_AMNH_100603_2,Eulemur_rubriventer,UR,fruit,wet_forest,extant,vulnerable
E_rubriventer_AMNH_100603_3,Eulemur_rubriventer,LL,fruit,wet_forest,extant,vulnerable
E_rubriventer_AMNH_100603_4,Eulemur_rubriventer,LR,fruit,wet_forest,extant,vulnerable
E_rubriventer_AMNH_100604_1,Eulemur_rubriventer,UL,fruit,wet_forest,extant,vulnerable
E_rubriventer_AMNH_100604_2,Eulemur_rubriventer,UR,fruit,wet_forest,extant,vulnerable
E_rubriventer_AMNH_100604_3,Eulemur_rubriventer,LL,fruit,wet_forest,extant,vulnerable
E_rubriventer_AMNH_100604_4,Eulemur_rubriventer,LR,fruit,wet_forest,extant,vulnerable
G_s_senegalensis_AMNH_169425_1,Galago_senegalensis,UL,omnivore,woodland,extant,na
G_s_senegalensis_AMNH_169425_2,Galago_senegalensis,UR,omnivore,woodland,extant,na
G_s_senegalensis_AMNH_169425_3,Galago_senegalensis,TC,omnivore,woodland,extant,na
G_s_senegalensis_AMNH_169425_4,Galago_senegalensis,LL,omnivore,woodland,extant,na
G_s_senegalensis_AMNH_169425_5,Galago_senegalensis,LR,omnivore,woodland,extant,na
G_s_senegalensis_AMNH_180099_1,Galago_senegalensis,UL,omnivore,woodland,extant,na
G_s_senegalensis_AMNH_180099_2,Galago_senegalensis,UR,omnivore,woodland,extant,na
G_s_senegalensis_AMNH_180099_3,Galago_senegalensis,TC,omnivore,woodland,extant,na
G_s_senegalensis_AMNH_180099_4,Galago_senegalensis,LL,omnivore,woodland,extant,na
G_s_senegalensis_AMNH_180099_5,Galago_senegalensis,LR,omnivore,woodland,extant,na
G_s_senegalensis_AMNH_180316_1,Galago_senegalensis,UL,omnivore,woodland,extant,na
G_s_senegalensis_AMNH_180316_2,Galago_senegalensis,UR,omnivore,woodland,extant,na
G_s_senegalensis_AMNH_180316_3,Galago_senegalensis,TC,omnivore,woodland,extant,na
G_s_senegalensis_AMNH_180316_4,Galago_senegalensis,LL,omnivore,woodland,extant,na
G_s_senegalensis_AMNH_180316_5,Galago_senegalensis,LR,omnivore,woodland,extant,na
G_senegalensis_UM-134_1,Galago_senegalensis,UL,omnivore,woodland,extant,na
G_senegalensis_UM-134_2,Galago_senegalensis,UR,omnivore,woodland,extant,na
G_senegalensis_UM-134_3,Galago_senegalensis,LL,omnivore,woodland,extant,na
G_senegalensis_UM-134_4,Galago_senegalensis,LR,omnivore,woodland,extant,na
G_senegalensis_UM-APC_133_1,Galago_senegalensis,UL,omnivore,woodland,extant,na
G_senegalensis_UM-APC_133_2,Galago_senegalensis,UR,omnivore,woodland,extant,na
G_senegalensis_UM-APC_133_3,Galago_senegalensis,LL,omnivore,woodland,extant,na
G_senegalensis_UM-APC_133_4,Galago_senegalensis,LR,omnivore,woodland,extant,na
G_senegalensis_YPM_3734_1,Galago_senegalensis,UL,omnivore,woodland,extant,na
G_senegalensis_YPM_3734_2,Galago_senegalensis,UR,omnivore,woodland,extant,na
G_senegalensis_YPM_3734_3,Galago_senegalensis,TC,omnivore,woodland,extant,na
G_senegalensis_YPM_3734_4,Galago_senegalensis,LL,omnivore,woodland,extant,na
G_senegalensis_YPM_3734_5,Galago_senegalensis,LR,omnivore,woodland,extant,na
G_senegalensis_YPM_3L05_1,Galago_senegalensis,UL,omnivore,woodland,extant,na
G_senegalensis_YPM_3L05_2,Galago_senegalensis,UR,omnivore,woodland,extant,na
G_senegalensis_YPM_3L05_3,Galago_senegalensis,LL,omnivore,woodland,extant,na
G_senegalensis_YPM_3L05_4,Galago_senegalensis,LR,omnivore,woodland,extant,na
G_senegalensis_YPM_3L06_1,Galago_senegalensis,UL,omnivore,woodland,extant,na
G_senegalensis_YPM_3L06_2,Galago_senegalensis,UR,omnivore,woodland,extant,na
G_senegalensis_YPM_3L06_3,Galago_senegalensis,LL,omnivore,woodland,extant,na
G_senegalensis_YPM_3L06_4,Galago_senegalensis,LR,omnivore,woodland,extant,na
H_g_griseus_AMNH_170667_1,Hapalemur_griseus,UL,leaves,wet_forest,extant,vulnerable
H_g_griseus_AMNH_170667_2,Hapalemur_griseus,UR,leaves,wet_forest,extant,vulnerable
H_g_griseus_AMNH_170672_1,Hapalemur_griseus,UL,leaves,wet_forest,extant,vulnerable
H_g_griseus_AMNH_170672_2,Hapalemur_griseus,UR,leaves,wet_forest,extant,vulnerable
H_g_griseus_AMNH_170672_3,Hapalemur_griseus,TC,leaves,wet_forest,extant,vulnerable
H_g_griseus_AMNH_170672_4,Hapalemur_griseus,LL,leaves,wet_forest,extant,vulnerable
H_g_griseus_AMNH_170672_5,Hapalemur_griseus,LR,leaves,wet_forest,extant,vulnerable
H_griseus_YPM_1601_1,Hapalemur_griseus,UL,leaves,wet_forest,extant,vulnerable
H_griseus_YPM_1601_2,Hapalemur_griseus,UR,leaves,wet_forest,extant,vulnerable
H_griseus_YPM_1601_3,Hapalemur_griseus,TC,leaves,wet_forest,extant,vulnerable
H_griseus_YPM_1601_4,Hapalemur_griseus,LL,leaves,wet_forest,extant,vulnerable
H_griseus_YPM_1601_5,Hapalemur_griseus,LR,leaves,wet_forest,extant,vulnerable
H_simus_DPC_10943_1,Prolemur_simus,UL,leaves,wet_forest,extant,critically_endangered
H_simus_DPC_10943_2,Prolemur_simus,UR,leaves,wet_forest,extant,critically_endangered
H_simus_DPC_10943_3,Prolemur_simus,LL,leaves,wet_forest,extant,critically_endangered
H_simus_DPC_10943_4,Prolemur_simus,LR,leaves,wet_forest,extant,critically_endangered
H_simus_DPC_10956_1,Prolemur_simus,UL,leaves,wet_forest,extant,critically_endangered
H_simus_DPC_10956_2,Prolemur_simus,UR,leaves,wet_forest,extant,critically_endangered
H_simus_DPC_12771_1,Prolemur_simus,UL,leaves,wet_forest,extant,critically_endangered
H_simus_DPC_12826_1,Prolemur_simus,UL,leaves,wet_forest,extant,critically_endangered
H_simus_DPC_12826_2,Prolemur_simus,LL,leaves,wet_forest,extant,critically_endangered
H_simus_DPC_12826_3,Prolemur_simus,LR,leaves,wet_forest,extant,critically_endangered
H_simus_DPC_12887_1,Prolemur_simus,TC,leaves,wet_forest,extant,critically_endangered
H_simus_DPC_12887_2,Prolemur_simus,LL,leaves,wet_forest,extant,critically_endangered
H_simus_DPC_7938_1,Prolemur_simus,UL,leaves,wet_forest,extant,critically_endangered
H_simus_DPC_7938_2,Prolemur_simus,UR,leaves,wet_forest,extant,critically_endangered
H_simus_DPC_7938_3,Prolemur_simus,LL,leaves,wet_forest,extant,critically_endangered
H_simus_DPC_7938_4,Prolemur_simus,LR,leaves,wet_forest,extant,critically_endangered
H_stenognathus_UM.ADCC_200_1,Hadropithecus_stenognathus,UL,mixed,spiny_forest,extinct,extinct
H_stenognathus_UM.APC_1910.33_1,Hadropithecus_stenognathus,UL,mixed,spiny_forest,extinct,extinct
Hadropithecus_NHMV_1934_1,Hadropithecus,UL,mixed,grassland,extinct,extinct
I_indri_AMNH_100505_1,Indri_indri,UL,leaves,wet_forest,extant,critically_endangered
I_indri_AMNH_100505_2,Indri_indri,UR,leaves,wet_forest,extant,critically_endangered
I_indri_AMNH_100505_3,Indri_indri,TC,leaves,wet_forest,extant,critically_endangered
I_indri_AMNH_100505_4,Indri_indri,LL,leaves,wet_forest,extant,critically_endangered
I_indri_AMNH_100505_5,Indri_indri,LR,leaves,wet_forest,extant,critically_endangered
I_indri_AMNH_100507_1,Indri_indri,UL,leaves,wet_forest,extant,critically_endangered
I_indri_AMNH_100507_2,Indri_indri,UR,leaves,wet_forest,extant,critically_endangered
I_indri_AMNH_100507_3,Indri_indri,LR,leaves,wet_forest,extant,critically_endangered
I_indri_AMNH_100816_1,Indri_indri,UL,leaves,wet_forest,extant,critically_endangered
I_indri_AMNH_100816_2,Indri_indri,UR,leaves,wet_forest,extant,critically_endangered
I_indri_AMNH_100816_4,Indri_indri,LL,leaves,wet_forest,extant,critically_endangered
I_indri_AMNH_100816_5,Indri_indri,LR,leaves,wet_forest,extant,critically_endangered
L_catta_AMNH_170740_1,Lemur_catta,UL,mixed,mixed,extant,endangered
L_catta_AMNH_170740_2,Lemur_catta,UR,mixed,mixed,extant,endangered
L_catta_AMNH_170740_3,Lemur_catta,TC,mixed,mixed,extant,endangered
L_catta_AMNH_170740_4,Lemur_catta,LL,mixed,mixed,extant,endangered
L_catta_AMNH_170740_5,Lemur_catta,LR,mixed,mixed,extant,endangered
L_catta_AMNH_170743_1,Lemur_catta,UL,mixed,mixed,extant,endangered
L_catta_AMNH_170743_2,Lemur_catta,UR,mixed,mixed,extant,endangered
L_catta_AMNH_170743_4,Lemur_catta,LL,mixed,mixed,extant,endangered
L_catta_DPC_1_1,Lemur_catta,UL,mixed,mixed,extant,endangered
L_catta_DPC_1_2,Lemur_catta,UR,mixed,mixed,extant,endangered
L_catta_DPC_1_3,Lemur_catta,TC,mixed,mixed,extant,endangered
L_catta_DPC_1_4,Lemur_catta,LL,mixed,mixed,extant,endangered
L_catta_DPC_1_5,Lemur_catta,LR,mixed,mixed,extant,endangered
L_catta_DPC_10_1,Lemur_catta,UL,mixed,mixed,extant,endangered
L_catta_DPC_10_2,Lemur_catta,UR,mixed,mixed,extant,endangered
L_catta_DPC_10_3,Lemur_catta,TC,mixed,mixed,extant,endangered
L_catta_DPC_10_4,Lemur_catta,LL,mixed,mixed,extant,endangered
L_catta_DPC_10_5,Lemur_catta,LR,mixed,mixed,extant,endangered
L_catta_DPC_11_1,Lemur_catta,UL,mixed,mixed,extant,endangered
L_catta_DPC_11_2,Lemur_catta,UR,mixed,mixed,extant,endangered
L_catta_DPC_11_3,Lemur_catta,TC,mixed,mixed,extant,endangered
L_catta_DPC_11_4,Lemur_catta,LL,mixed,mixed,extant,endangered
L_catta_DPC_11_5,Lemur_catta,LR,mixed,mixed,extant,endangered
L_catta_DPC_1232_1,Lemur_catta,UL,mixed,mixed,extant,endangered
L_catta_DPC_1232_2,Lemur_catta,UR,mixed,mixed,extant,endangered
L_catta_DPC_1232_3,Lemur_catta,TC,mixed,mixed,extant,endangered
L_catta_DPC_1232_4,Lemur_catta,LL,mixed,mixed,extant,endangered
L_catta_DPC_1232_5,Lemur_catta,LR,mixed,mixed,extant,endangered
L_catta_DPC_2_1,Lemur_catta,UL,mixed,mixed,extant,endangered
L_catta_DPC_2_2,Lemur_catta,UR,mixed,mixed,extant,endangered
L_catta_DPC_2_3,Lemur_catta,TC,mixed,mixed,extant,endangered
L_catta_DPC_2_4,Lemur_catta,LL,mixed,mixed,extant,endangered
L_catta_DPC_2_5,Lemur_catta,LR,mixed,mixed,extant,endangered
L_catta_DPC_3_1,Lemur_catta,UL,mixed,mixed,extant,endangered
L_catta_DPC_3_2,Lemur_catta,UR,mixed,mixed,extant,endangered
L_catta_DPC_3_3,Lemur_catta,LL,mixed,mixed,extant,endangered
L_catta_DPC_3_4,Lemur_catta,LR,mixed,mixed,extant,endangered
L_catta_DPC_4_1,Lemur_catta,UL,mixed,mixed,extant,endangered
L_catta_DPC_4_2,Lemur_catta,UR,mixed,mixed,extant,endangered
L_catta_DPC_4_3,Lemur_catta,TC,mixed,mixed,extant,endangered
L_catta_DPC_4_4,Lemur_catta,LL,mixed,mixed,extant,endangered
L_catta_DPC_4_5,Lemur_catta,LR,mixed,mixed,extant,endangered
L_catta_DPC_5_1,Lemur_catta,UL,mixed,mixed,extant,endangered
L_catta_DPC_5_2,Lemur_catta,UR,mixed,mixed,extant,endangered
L_catta_DPC_5_3,Lemur_catta,TC,mixed,mixed,extant,endangered
L_catta_DPC_5_4,Lemur_catta,LL,mixed,mixed,extant,endangered
L_catta_DPC_5_5,Lemur_catta,LR,mixed,mixed,extant,endangered
L_catta_DPC_6_1,Lemur_catta,UL,mixed,mixed,extant,endangered
L_catta_DPC_6_2,Lemur_catta,UR,mixed,mixed,extant,endangered
L_catta_DPC_6_3,Lemur_catta,TC,mixed,mixed,extant,endangered
L_catta_DPC_6_4,Lemur_catta,LR,mixed,mixed,extant,endangered
L_catta_DPC_7_1,Lemur_catta,UL,mixed,mixed,extant,endangered
L_catta_DPC_7_2,Lemur_catta,UR,mixed,mixed,extant,endangered
L_catta_DPC_7_3,Lemur_catta,TC,mixed,mixed,extant,endangered
L_catta_DPC_7_4,Lemur_catta,LL,mixed,mixed,extant,endangered
L_catta_DPC_7_5,Lemur_catta,LR,mixed,mixed,extant,endangered
L_catta_DPC_8_1,Lemur_catta,UL,mixed,mixed,extant,endangered
L_catta_DPC_8_2,Lemur_catta,UR,mixed,mixed,extant,endangered
L_catta_DPC_8_3,Lemur_catta,TC,mixed,mixed,extant,endangered
L_catta_DPC_8_4,Lemur_catta,LL,mixed,mixed,extant,endangered
L_catta_DPC_8_5,Lemur_catta,LR,mixed,mixed,extant,endangered
L_catta_DPC_9_1,Lemur_catta,UL,mixed,mixed,extant,endangered
L_catta_DPC_9_2,Lemur_catta,UR,mixed,mixed,extant,endangered
L_catta_DPC_9_3,Lemur_catta,TC,mixed,mixed,extant,endangered
L_catta_DPC_9_4,Lemur_catta,LL,mixed,mixed,extant,endangered
L_catta_DPC_9_5,Lemur_catta,LR,mixed,mixed,extant,endangered
L_catta_UM.APC_154_1,Lemur_catta,UL,mixed,mixed,extant,endangered
L_catta_UM.APC_154_2,Lemur_catta,UR,mixed,mixed,extant,endangered
L_catta_UM.APC_154_3,Lemur_catta,TC,mixed,mixed,extant,endangered
L_catta_UM.APC_154_4,Lemur_catta,LL,mixed,mixed,extant,endangered
L_catta_UM.APC_154_5,Lemur_catta,LR,mixed,mixed,extant,endangered
L_catta_UM.APC_336_1,Lemur_catta,UL,mixed,mixed,extant,endangered
L_catta_UM.APC_336_2,Lemur_catta,UR,mixed,mixed,extant,endangered
L_catta_UM.APC_336_3,Lemur_catta,TC,mixed,mixed,extant,endangered
L_catta_UM.APC_336_4,Lemur_catta,LL,mixed,mixed,extant,endangered
L_catta_UM.APC_336_5,Lemur_catta,LR,mixed,mixed,extant,endangered
L_f_albifrons_DPC_1284_1,Eulemur_albifrons,UL,omnivore,wet_forest,extant,endangered
L_f_albifrons_DPC_1284_2,Eulemur_albifrons,UR,omnivore,wet_forest,extant,endangered
L_f_albifrons_DPC_1284_3,Eulemur_albifrons,TC,omnivore,wet_forest,extant,endangered
L_f_albifrons_DPC_1284_4,Eulemur_albifrons,LL,omnivore,wet_forest,extant,endangered
L_f_albifrons_DPC_1284_5,Eulemur_albifrons,LR,omnivore,wet_forest,extant,endangered
L_f_rufus,Eulemur_rufus,UL,omnivore,dry_forest,extant,vulnerable
L_f_rufus.1,Eulemur_rufus,UR,omnivore,dry_forest,extant,vulnerable
L_mustelinus_AMNH_100834_1,Lepilemur_mustelinus,UL,leaves,wet_forest,extant,near_threatened
L_mustelinus_AMNH_100834_2,Lepilemur_mustelinus,UR,leaves,wet_forest,extant,near_threatened
L_mustelinus_AMNH_100834_3,Lepilemur_mustelinus,TC,leaves,wet_forest,extant,near_threatened
L_mustelinus_AMNH_100834_4,Lepilemur_mustelinus,LL,leaves,wet_forest,extant,near_threatened
L_mustelinus_AMNH_100834_5,Lepilemur_mustelinus,LR,leaves,wet_forest,extant,near_threatened
L_rubriventer_DPC_54_1,Eulemur_rubriventer,UL,fruit,wet_forest,extant,vulnerable
L_rubriventer_DPC_54_2,Eulemur_rubriventer,UR,fruit,wet_forest,extant,vulnerable
L_rubriventer_DPC_54_4,Eulemur_rubriventer,LL,fruit,wet_forest,extant,vulnerable
L_rubriventer_DPC_54_5,Eulemur_rubriventer,LR,fruit,wet_forest,extant,vulnerable
L_tardigradus_AMNH_269_1,Loris_tardigradus,UL,insect,wet_forest,extant,na
L_tardigradus_AMNH_269_2,Loris_tardigradus,UR,insect,wet_forest,extant,na
L_tardigradus_AMNH_269_3,Loris_tardigradus,LL,insect,wet_forest,extant,na
L_tardigradus_AMNH_269_4,Loris_tardigradus,LR,insect,wet_forest,extant,na
L_tardigradus_AMNH_34257_1,Loris_tardigradus,UL,insect,wet_forest,extant,na
L_tardigradus_AMNH_34257_2,Loris_tardigradus,UR,insect,wet_forest,extant,na
L_tardigradus_AMNH_34257_3,Loris_tardigradus,LL,insect,wet_forest,extant,na
L_tardigradus_AMNH_34257_4,Loris_tardigradus,LR,insect,wet_forest,extant,na
L_tardigradus_UM-APC_070_1,Loris_tardigradus,UL,insect,wet_forest,extant,na
L_tardigradus_UM-APC_070_2,Loris_tardigradus,UR,insect,wet_forest,extant,na
L_tardigradus_UM-APC_070_3,Loris_tardigradus,TC,insect,wet_forest,extant,na
L_tardigradus_UM-APC_070_4,Loris_tardigradus,LL,insect,wet_forest,extant,na
L_tardigradus_UM-APC_070_5,Loris_tardigradus,LR,insect,wet_forest,extant,na
L_tardigradus_UM-APC_238_1,Loris_tardigradus,UL,insect,wet_forest,extant,na
L_tardigradus_UM-APC_238_2,Loris_tardigradus,UR,insect,wet_forest,extant,na
L_tardigradus_UM-APC_238_3,Loris_tardigradus,TC,insect,wet_forest,extant,na
L_tardigradus_UM-APC_238_4,Loris_tardigradus,LL,insect,wet_forest,extant,na
L_tardigradus_UM-APC_238_5,Loris_tardigradus,LR,insect,wet_forest,extant,na
L_tardigradus_UM-APC_245_1,Loris_tardigradus,UL,insect,wet_forest,extant,na
L_tardigradus_UM-APC_245_2,Loris_tardigradus,UR,insect,wet_forest,extant,na
L_tardigradus_UM-APC_245_3,Loris_tardigradus,TC,insect,wet_forest,extant,na
L_tardigradus_UM-APC_245_4,Loris_tardigradus,LL,insect,wet_forest,extant,na
L_tardigradus_UM-APC_245_5,Loris_tardigradus,LR,insect,wet_forest,extant,na
L_tardigradus_YPM_14941_1,Loris_tardigradus,UL,insect,wet_forest,extant,na
L_tardigradus_YPM_14941_2,Loris_tardigradus,UR,insect,wet_forest,extant,na
L_tardigradus_YPM_5259_1,Loris_tardigradus,UL,insect,wet_forest,extant,na
L_tardigradus_YPM_5259_2,Loris_tardigradus,UR,insect,wet_forest,extant,na
L_tardigradus_YPM_5259_3,Loris_tardigradus,TC,insect,wet_forest,extant,na
L_tardigradus_YPM_5259_4,Loris_tardigradus,LL,insect,wet_forest,extant,na
L_tardigradus_YPM_5259_5,Loris_tardigradus,LR,insect,wet_forest,extant,na
Lepilemur_DPC_18800_1,Lepilemur,LL,leaves,wet_forest,extant,na
Lepilemur_DPC_18800_2,Lepilemur,LR,leaves,wet_forest,extant,na
M_coquereli_DPC_137_1,Mirza_coquereli,UL,insect,dry_forest,extant,endangered
M_coquereli_DPC_137_2,Mirza_coquereli,UR,insect,dry_forest,extant,endangered
M_coquereli_DPC_137_3,Mirza_coquereli,TC,insect,dry_forest,extant,endangered
M_coquereli_DPC_137_4,Mirza_coquereli,LL,insect,dry_forest,extant,endangered
M_coquereli_DPC_137_5,Mirza_coquereli,LR,insect,dry_forest,extant,endangered
M_coquereli_YPM_14986_1,Mirza_coquereli,UL,insect,dry_forest,extant,endangered
M_coquereli_YPM_14986_2,Mirza_coquereli,UR,insect,dry_forest,extant,endangered
M_coquereli_YPM_14986_3,Mirza_coquereli,TC,insect,dry_forest,extant,endangered
M_coquereli_YPM_14986_4,Mirza_coquereli,LL,insect,dry_forest,extant,endangered
M_coquereli_YPM_14986_5,Mirza_coquereli,LR,insect,dry_forest,extant,endangered
M_dolichobrachion_DPC_10782_1,Mesopropithecus_dolichobrachion,LR,mixed,dry_forest,extinct,extinct
M_dolichobrachion_UM.ADCC_283_1,Mesopropithecus_dolichobrachion,LR,mixed,dry_forest,extinct,extinct
M_dolichobrachion_UM.APC_1,Mesopropithecus_dolichobrachion,UL,mixed,dry_forest,extinct,extinct
M_dolichobrachion_UM.APC_2,Mesopropithecus_dolichobrachion,UR,mixed,dry_forest,extinct,extinct
M_dolichobrachion_UM.APC_3,Mesopropithecus_dolichobrachion,LR,mixed,dry_forest,extinct,extinct
M_edwardsi_ADCC,Megaladapis_edwardsi,LL,leaves,spiny_forest,extinct,extinct
M_edwardsi_AM_6143_1,Megaladapis_edwardsi,UR,leaves,spiny_forest,extinct,extinct
M_edwardsi_UM.ADCC_1559_1,Megaladapis_edwardsi,UR,leaves,spiny_forest,extinct,extinct
M_edwardsi_UM.ADCC_1561_1,Megaladapis_edwardsi,UR,leaves,spiny_forest,extinct,extinct
M_edwardsi_UM.ADCC_1563_1,Megaladapis_edwardsi,UL,leaves,spiny_forest,extinct,extinct
M_edwardsi_UM.ADCC_180_1,Megaladapis_edwardsi,UL,leaves,spiny_forest,extinct,extinct
M_edwardsi_UM.ADCC_181_1,Megaladapis_edwardsi,LL,leaves,spiny_forest,extinct,extinct
M_edwardsi_UM.ADCC_744_1,Megaladapis_edwardsi,UR,leaves,spiny_forest,extinct,extinct
M_edwardsi_UM.ADCC_763_1,Megaladapis_edwardsi,LR,leaves,spiny_forest,extinct,extinct
M_globiceps_UM.APC_6478_1,Mesopropithecus_globiceps,LR,mixed,spiny_forest,extinct,extinct
M_grandidieri_UM.ADCC_185_1,Megaladapis_grandidieri,LR,leaves,wet_forest,extinct,extinct
M_madagascariensis_DPC_17163_1,Megaladapis_madagascariensis,LL,leaves,mixed,extinct,extinct
M_madagascariensis_DPC_18827_1,Megaladapis_madagascariensis,UL,leaves,mixed,extinct,extinct
M_madagascariensis_DPC_18827_2,Megaladapis_madagascariensis,UR,leaves,mixed,extinct,extinct
M_madagascariensis_DPC_18827_3,Megaladapis_madagascariensis,LL,leaves,mixed,extinct,extinct
M_madagascariensis_DPC_18827_4,Megaladapis_madagascariensis,LR,leaves,mixed,extinct,extinct
M_madagascariensis_DPC_18935_1,Megaladapis_madagascariensis,UL,leaves,mixed,extinct,extinct
M_madagascariensis_DPC_18935_2,Megaladapis_madagascariensis,UR,leaves,mixed,extinct,extinct
M_madagascariensis_DPC_18935_3,Megaladapis_madagascariensis,LL,leaves,mixed,extinct,extinct
M_madagascariensis_DPC_18935_4,Megaladapis_madagascariensis,LR,leaves,mixed,extinct,extinct
M_murinus_AMNH_174385_1,Microcebus_murinus,UL,omnivore,mixed,extant,least_concern
M_murinus_AMNH_174385_2,Microcebus_murinus,UR,omnivore,mixed,extant,least_concern
M_murinus_AMNH_174385_3,Microcebus_murinus,TC,omnivore,mixed,extant,least_concern
M_murinus_AMNH_174385_4,Microcebus_murinus,LL,omnivore,mixed,extant,least_concern
M_murinus_AMNH_174385_5,Microcebus_murinus,LR,omnivore,mixed,extant,least_concern
M_murinus_AMNH_174428_1,Microcebus_murinus,UL,omnivore,mixed,extant,least_concern
M_murinus_AMNH_174428_2,Microcebus_murinus,UR,omnivore,mixed,extant,least_concern
M_murinus_AMNH_174428_3,Microcebus_murinus,TC,omnivore,mixed,extant,least_concern
M_murinus_AMNH_174428_4,Microcebus_murinus,LL,omnivore,mixed,extant,least_concern
M_murinus_AMNH_174428_5,Microcebus_murinus,LR,omnivore,mixed,extant,least_concern
M_murinus_AMNH_185630_1,Microcebus_murinus,UL,omnivore,mixed,extant,least_concern
M_murinus_AMNH_185630_2,Microcebus_murinus,UR,omnivore,mixed,extant,least_concern
M_murinus_AMNH_185630_3,Microcebus_murinus,TC,omnivore,mixed,extant,least_concern
M_murinus_AMNH_185630_4,Microcebus_murinus,LL,omnivore,mixed,extant,least_concern
M_murinus_AMNH_185630_5,Microcebus_murinus,LR,omnivore,mixed,extant,least_concern
M_murinus_YPM_14960_1,Microcebus_murinus,UL,omnivore,mixed,extant,least_concern
M_murinus_YPM_14960_2,Microcebus_murinus,UR,omnivore,mixed,extant,least_concern
M_murinus_YPM_14960_3,Microcebus_murinus,TC,omnivore,mixed,extant,least_concern
M_murinus_YPM_14960_4,Microcebus_murinus,LL,omnivore,mixed,extant,least_concern
M_murinus_YPM_14960_5,Microcebus_murinus,LR,omnivore,mixed,extant,least_concern
M_pithecoides_AM,Mesopropithecus_pithecoides,LL,leaves,wet_forest,extinct,extinct
M_pithecoides_UM.ADCC_291_1,Mesopropithecus_pithecoides,LR,leaves,wet_forest,extinct,extinct
M_rufus_UM.APC_303_1,Microcebus_rufus,UL,omnivore,wet_forest,extant,vulnerable
M_rufus_UM.APC_303_2,Microcebus_rufus,UR,omnivore,wet_forest,extant,vulnerable
M_rufus_UM.APC_303_3,Microcebus_rufus,TC,omnivore,wet_forest,extant,vulnerable
M_rufus_UM.APC_303_4,Microcebus_rufus,LL,omnivore,wet_forest,extant,vulnerable
M_rufus_UM.APC_303_5,Microcebus_rufus,LR,omnivore,wet_forest,extant,vulnerable
Megaladapis_DPC_11787_1,Megaladapis,UL,leaves,wet_forest,extinct,extinct
Megaladapis_DPC_11787_2,Megaladapis,UR,leaves,wet_forest,extinct,extinct
Megaladapis_DPC_11787_3,Megaladapis,LL,leaves,wet_forest,extinct,extinct
Megaladapis_DPC_11787_4,Megaladapis,LR,leaves,wet_forest,extinct,extinct
Megaladapis_DPC_13663_1,Megaladapis,LL,leaves,wet_forest,extinct,extinct
Megaladapis_DPC_13663_2,Megaladapis,LR,leaves,wet_forest,extinct,extinct
Mesopropithecus_DPC_11755_1,Mesopropithecus,UL,mixed,mixed,extinct,extinct
Mesopropithecus_DPC_11755_2,Mesopropithecus,UR,mixed,mixed,extinct,extinct
Mesopropithecus_DPC_9903_1,Mesopropithecus,UL,mixed,mixed,extinct,extinct
Mesopropithecus_DPC_9903_2,Mesopropithecus,UR,mixed,mixed,extinct,extinct
Mesopropithecus_DPC_9903_3,Mesopropithecus,LL,mixed,mixed,extinct,extinct
Mesopropithecus_DPC_9903_4,Mesopropithecus,LR,mixed,mixed,extinct,extinct
Microcebus_DPC_18810_1,Microcebus,UL,omnivore,mixed,extant,na
Microcebus_DPC_18810_2,Microcebus,UR,omnivore,mixed,extant,na
Microcebus_DPC_18810_3,Microcebus,LL,omnivore,mixed,extant,na
N_c_coucang_AMNH_106650_1,Nycticebus_coucang,UL,gumivore,wet_forest,extant,na
N_c_coucang_AMNH_106650_2,Nycticebus_coucang,UR,gumivore,wet_forest,extant,na
N_c_coucang_AMNH_106650_4,Nycticebus_coucang,LL,gumivore,wet_forest,extant,na
N_c_coucang_AMNH_106650_5,Nycticebus_coucang,LR,gumivore,wet_forest,extant,na
N_c_coucang_AMNH_106652_1,Nycticebus_coucang,UL,gumivore,wet_forest,extant,na
N_c_coucang_AMNH_106652_2,Nycticebus_coucang,UR,gumivore,wet_forest,extant,na
N_c_coucang_AMNH_106652_3,Nycticebus_coucang,TC,gumivore,wet_forest,extant,na
N_c_coucang_AMNH_106652_4,Nycticebus_coucang,LL,gumivore,wet_forest,extant,na
N_c_coucang_AMNH_106652_5,Nycticebus_coucang,LR,gumivore,wet_forest,extant,na
N_c_javanicus_AMNH_101791_1,Nycticebus_javanicus,UL,gumivore,wet_forest,extant,na
N_c_javanicus_AMNH_101791_2,Nycticebus_javanicus,UR,gumivore,wet_forest,extant,na
N_c_javanicus_AMNH_101791_3,Nycticebus_javanicus,TC,gumivore,wet_forest,extant,na
N_c_javanicus_AMNH_101791_4,Nycticebus_javanicus,LL,gumivore,wet_forest,extant,na
N_c_javanicus_AMNH_101791_5,Nycticebus_javanicus,LR,gumivore,wet_forest,extant,na
N_c_menagensis_AMNH_16591_1,Nycticebus_menagensis,UL,gumivore,wet_forest,extant,na
N_c_menagensis_AMNH_16591_2,Nycticebus_menagensis,UR,gumivore,wet_forest,extant,na
N_c_menagensis_AMNH_16591_3,Nycticebus_menagensis,TC,gumivore,wet_forest,extant,na
N_c_menagensis_AMNH_16591_4,Nycticebus_menagensis,LL,gumivore,wet_forest,extant,na
N_c_menagensis_AMNH_16591_5,Nycticebus_menagensis,LR,gumivore,wet_forest,extant,na
N_coucang_UM-APC_170_1,Nycticebus_coucang,UL,gumivore,wet_forest,extant,na
N_coucang_UM-APC_170_2,Nycticebus_coucang,UR,gumivore,wet_forest,extant,na
N_pygmaeus_AMNH_87282_1,Nycticebus_pygmaeus,UL,gumivore,wet_forest,extant,na
N_pygmaeus_AMNH_87282_2,Nycticebus_pygmaeus,UR,gumivore,wet_forest,extant,na
N_pygmaeus_AMNH_87282_3,Nycticebus_pygmaeus,LL,gumivore,wet_forest,extant,na
N_pygmaeus_AMNH_87282_4,Nycticebus_pygmaeus,LR,gumivore,wet_forest,extant,na
N_pygmaeus_YPM_15979_1,Nycticebus_pygmaeus,UL,gumivore,wet_forest,extant,na
N_pygmaeus_YPM_15979_2,Nycticebus_pygmaeus,UR,gumivore,wet_forest,extant,na
N_pygmaeus_YPM_15979_3,Nycticebus_pygmaeus,TC,gumivore,wet_forest,extant,na
N_pygmaeus_YPM_15979_4,Nycticebus_pygmaeus,LL,gumivore,wet_forest,extant,na
N_pygmaeus_YPM_15979_5,Nycticebus_pygmaeus,LR,gumivore,wet_forest,extant,na
Nycticebus_UM-APC_171_1,Nycticebus,UL,gumivore,wet_forest,extant,na
Nycticebus_UM-APC_171_2,Nycticebus,UR,gumivore,wet_forest,extant,na
O_c_crassicaudatus_AMNH_216239_1,Otolemur_crassicaudatus,UL,fruit,wet_forest,extant,na
O_c_crassicaudatus_AMNH_216239_2,Otolemur_crassicaudatus,UR,fruit,wet_forest,extant,na
O_c_crassicaudatus_AMNH_216239_3,Otolemur_crassicaudatus,TC,fruit,wet_forest,extant,na
O_c_crassicaudatus_AMNH_216239_4,Otolemur_crassicaudatus,LL,fruit,wet_forest,extant,na
O_c_crassicaudatus_AMNH_216239_5,Otolemur_crassicaudatus,LR,fruit,wet_forest,extant,na
O_c_crassicaudatus_AMNH_216244_1,Otolemur_crassicaudatus,UL,fruit,wet_forest,extant,na
O_c_crassicaudatus_AMNH_216244_2,Otolemur_crassicaudatus,UR,fruit,wet_forest,extant,na
O_c_crassicaudatus_AMNH_216244_4,Otolemur_crassicaudatus,LL,fruit,wet_forest,extant,na
O_c_crassicaudatus_AMNH_216244_5,Otolemur_crassicaudatus,LR,fruit,wet_forest,extant,na
O_c_crassicaudatus_AMNH_80238_1,Otolemur_crassicaudatus,UL,fruit,wet_forest,extant,na
O_c_crassicaudatus_AMNH_80238_2,Otolemur_crassicaudatus,UR,fruit,wet_forest,extant,na
O_c_crassicaudatus_AMNH_80238_3,Otolemur_crassicaudatus,TC,fruit,wet_forest,extant,na
O_c_crassicaudatus_AMNH_80238_4,Otolemur_crassicaudatus,LL,fruit,wet_forest,extant,na
O_c_crassicaudatus_AMNH_80238_5,Otolemur_crassicaudatus,LR,fruit,wet_forest,extant,na
O_m_monteiri_YPM_316_1,Otolemur_crassicaudatus,UL,fruit,woodland,extant,na
O_m_monteiri_YPM_316_2,Otolemur_crassicaudatus,UR,fruit,woodland,extant,na
O_m_monteiri_YPM_316_3,Otolemur_crassicaudatus,TC,fruit,woodland,extant,na
O_m_monteiri_YPM_316_4,Otolemur_crassicaudatus,LL,fruit,woodland,extant,na
O_m_monteiri_YPM_316_5,Otolemur_crassicaudatus,LR,fruit,woodland,extant,na
O_m_monteiri_YPM_317_1,Otolemur_crassicaudatus,UL,fruit,woodland,extant,na
O_m_monteiri_YPM_317_2,Otolemur_crassicaudatus,UR,fruit,woodland,extant,na
O_m_monteiri_YPM_317_3,Otolemur_crassicaudatus,TC,fruit,woodland,extant,na
O_m_monteiri_YPM_317_4,Otolemur_crassicaudatus,LL,fruit,woodland,extant,na
O_m_monteiri_YPM_317_5,Otolemur_crassicaudatus,LR,fruit,woodland,extant,na
Otolemur_UM-APC_200_1,Otolemur,UL,fruit,mixed,extant,na
Otolemur_UM-APC_200_2,Otolemur,UR,fruit,mixed,extant,na
Otolemur_UM-APC_200_3,Otolemur,LL,fruit,mixed,extant,na
Otolemur_UM-APC_200_4,Otolemur,LR,fruit,mixed,extant,na
P_coquereli_AMNH_208990_1,Propithecus_coquereli,UL,mixed,mixed,extant,endangered
P_coquereli_AMNH_208990_2,Propithecus_coquereli,UR,mixed,mixed,extant,endangered
P_coquereli_AMNH_208990_3,Propithecus_coquereli,TC,mixed,mixed,extant,endangered
P_coquereli_AMNH_208990_4,Propithecus_coquereli,LL,mixed,mixed,extant,endangered
P_coquereli_AMNH_208990_5,Propithecus_coquereli,LR,mixed,mixed,extant,endangered
P_coquereli_AMNH_208991_1,Propithecus_coquereli,UL,mixed,mixed,extant,endangered
P_coquereli_AMNH_208991_2,Propithecus_coquereli,UR,mixed,mixed,extant,endangered
P_coquereli_AMNH_208991_3,Propithecus_coquereli,TC,mixed,mixed,extant,endangered
P_coquereli_AMNH_208991_4,Propithecus_coquereli,LL,mixed,mixed,extant,endangered
P_coquereli_AMNH_208991_5,Propithecus_coquereli,LR,mixed,mixed,extant,endangered
P_coquereli_AMNH_31255_1,Propithecus_coquereli,UL,mixed,mixed,extant,endangered
P_coquereli_AMNH_31255_2,Propithecus_coquereli,UR,mixed,mixed,extant,endangered
P_coquereli_AMNH_31255_3,Propithecus_coquereli,TC,mixed,mixed,extant,endangered
P_coquereli_AMNH_31255_4,Propithecus_coquereli,LL,mixed,mixed,extant,endangered
P_coquereli_AMNH_31255_5,Propithecus_coquereli,LR,mixed,mixed,extant,endangered
P_coquereli_DPC_1098_1,Propithecus_coquereli,UL,mixed,mixed,extant,endangered
P_coquereli_DPC_1098_2,Propithecus_coquereli,UR,mixed,mixed,extant,endangered
P_coquereli_DPC_1098_3,Propithecus_coquereli,TC,mixed,mixed,extant,endangered
P_coquereli_DPC_1098_4,Propithecus_coquereli,LL,mixed,mixed,extant,endangered
P_coquereli_DPC_1098_5,Propithecus_coquereli,LR,mixed,mixed,extant,endangered
P_coquereli_UM.APC_301_1,Propithecus_coquereli,UL,mixed,mixed,extant,endangered
P_coquereli_UM.APC_301_2,Propithecus_coquereli,UR,mixed,mixed,extant,endangered
P_coquereli_UM.APC_301_3,Propithecus_coquereli,TC,mixed,mixed,extant,endangered
P_coquereli_UM.APC_301_4,Propithecus_coquereli,LL,mixed,mixed,extant,endangered
P_coquereli_UM.APC_301_5,Propithecus_coquereli,LR,mixed,mixed,extant,endangered
P_coquereli_YPM_14642_1,Propithecus_coquereli,UL,mixed,mixed,extant,endangered
P_coquereli_YPM_14642_2,Propithecus_coquereli,TC,mixed,mixed,extant,endangered
P_coquereli_YPM_14642_3,Propithecus_coquereli,LL,mixed,mixed,extant,endangered
P_d_candidus_AMNH_100556_1,Propithecus_candidus,UL,mixed,wet_forest,extant,critically_endangered
P_d_candidus_AMNH_100556_2,Propithecus_candidus,UR,mixed,wet_forest,extant,critically_endangered
P_d_candidus_AMNH_100556_3,Propithecus_candidus,LL,mixed,wet_forest,extant,critically_endangered
P_d_candidus_AMNH_100556_4,Propithecus_candidus,LR,mixed,wet_forest,extant,critically_endangered
P_d_candidus_AMNH_100557_1,Propithecus_candidus,UL,mixed,wet_forest,extant,critically_endangered
P_d_candidus_AMNH_100557_2,Propithecus_candidus,UR,mixed,wet_forest,extant,critically_endangered
P_d_candidus_AMNH_100557_3,Propithecus_candidus,TC,mixed,wet_forest,extant,critically_endangered
P_d_candidus_AMNH_100557_4,Propithecus_candidus,LL,mixed,wet_forest,extant,critically_endangered
P_d_candidus_AMNH_100557_5,Propithecus_candidus,LR,mixed,wet_forest,extant,critically_endangered
P_diadema_AMNH_100633_1,Propithecus_diadema,UL,mixed,wet_forest,extant,critically_endangered
P_diadema_AMNH_100633_2,Propithecus_diadema,UR,mixed,wet_forest,extant,critically_endangered
P_diadema_AMNH_100633_3,Propithecus_diadema,LL,mixed,wet_forest,extant,critically_endangered
P_diadema_AMNH_100633_4,Propithecus_diadema,LR,mixed,wet_forest,extant,critically_endangered
P_diadema_YPM_1603_1,Propithecus_diadema,UL,mixed,wet_forest,extant,critically_endangered
P_diadema_YPM_1603_2,Propithecus_diadema,UR,mixed,wet_forest,extant,critically_endangered
P_diadema_YPM_1603_3,Propithecus_diadema,TC,mixed,wet_forest,extant,critically_endangered
P_diadema_YPM_1603_4,Propithecus_diadema,LL,mixed,wet_forest,extant,critically_endangered
P_diadema_YPM_1603_5,Propithecus_diadema,LR,mixed,wet_forest,extant,critically_endangered
P_diadema_YPM_1604_1,Propithecus_diadema,UL,mixed,wet_forest,extant,critically_endangered
P_diadema_YPM_1604_2,Propithecus_diadema,UR,mixed,wet_forest,extant,critically_endangered
P_diadema_YPM_1604_3,Propithecus_diadema,LL,mixed,wet_forest,extant,critically_endangered
P_diadema_YPM_1604_4,Propithecus_diadema,LR,mixed,wet_forest,extant,critically_endangered
P_edwardsi_AMNH_100957_1,Propithecus_edwardsi,UL,mixed,wet_forest,extant,endangered
P_edwardsi_AMNH_100957_2,Propithecus_edwardsi,UR,mixed,wet_forest,extant,endangered
P_edwardsi_AMNH_100957_4,Propithecus_edwardsi,LL,mixed,wet_forest,extant,endangered
P_edwardsi_AMNH_100957_5,Propithecus_edwardsi,LR,mixed,wet_forest,extant,endangered
P_ingens_UM_MNHN_1931.6_1,Palaeopropithecus_ingens,LL,mixed,mixed,extinct,extinct
P_ingens_UM_MNHN_1931.6_2,Palaeopropithecus_ingens,LR,mixed,mixed,extinct,extinct
P_ingens_UM.APC_1,Palaeopropithecus_ingens,LR,mixed,mixed,extinct,extinct
P_insignis_NHMW_1,Pachylemur_insignis,LL,fruit,spiny_forest,extinct,extinct
P_insignis_UM-ADCC_222_1,Pachylemur_insignis,LR,fruit,spiny_forest,extinct,extinct
P_insignis_UM-ADCC_226_1,Pachylemur_insignis,UL,fruit,spiny_forest,extinct,extinct
P_insignis_UM-ADCC_887_1,Pachylemur_insignis,LL,fruit,spiny_forest,extinct,extinct
P_insignis_UM-ADCC_895_1,Pachylemur_insignis,UR,fruit,spiny_forest,extinct,extinct
P_insignis_UM-ADCC_902_1,Pachylemur_insignis,UR,fruit,spiny_forest,extinct,extinct
P_jullyi_UM.ADCC_122_1,Pachylemur_jullyi,UL,fruit,dry_forest,extinct,extinct
P_jullyi_UM.ADCC_233_1,Pachylemur_jullyi,LL,fruit,dry_forest,extinct,extinct
P_jullyi_UM.ADCC_880_1,Pachylemur_jullyi,LL,fruit,dry_forest,extinct,extinct
P_jullyi_UM.ADCC_896_1,Pachylemur_jullyi,UR,fruit,dry_forest,extinct,extinct
P_jullyi_UM.ADCC_1,Pachylemur_jullyi,UL,fruit,dry_forest,extinct,extinct
P_jullyi_UM.ADCC_2,Pachylemur_jullyi,LL,fruit,dry_forest,extinct,extinct
P_jullyi_UM.ADCC_3,Pachylemur_jullyi,LR,fruit,dry_forest,extinct,extinct
P_kelyus_UM-APC_1,Palaeopropithecus_kelyus,UL,mixed,dry_forest,extinct,extinct
P_kelyus_UM-APC_2,Palaeopropithecus_kelyus,UR,mixed,dry_forest,extinct,extinct
P_kelyus_UM-APC_3,Palaeopropithecus_kelyus,LL,mixed,dry_forest,extinct,extinct
P_kelyus_UM-APC_4,Palaeopropithecus_kelyus,LR,mixed,dry_forest,extinct,extinct
P_maximus_UM_AMNH_93827_1,Palaeopropithecus_maximus,UL,fruit,wet_forest,extinct,extinct
P_maximus_UM_AMNH_93827_2,Palaeopropithecus_maximus,UR,fruit,wet_forest,extinct,extinct
P_maximus_UM.APC_1,Palaeopropithecus_maximus,UL,fruit,wet_forest,extinct,extinct
P_maximus_UM.APC_2,Palaeopropithecus_maximus,UR,fruit,wet_forest,extinct,extinct
P_p_edwardsi_AMNH_269851_1,Perodicticus_edwardsi,UL,mixed,wet_forest,extant,endangered
P_p_edwardsi_AMNH_269851_2,Perodicticus_edwardsi,UR,mixed,wet_forest,extant,endangered
P_p_edwardsi_AMNH_269851_3,Perodicticus_edwardsi,TC,mixed,wet_forest,extant,endangered
P_p_edwardsi_AMNH_269851_4,Perodicticus_edwardsi,LL,mixed,wet_forest,extant,endangered
P_p_edwardsi_AMNH_269851_5,Perodicticus_edwardsi,LR,mixed,wet_forest,extant,endangered
P_p_edwardsi_AMNH_269917_1,Perodicticus_edwardsi,UL,mixed,wet_forest,extant,endangered
P_p_edwardsi_AMNH_269917_2,Perodicticus_edwardsi,UR,mixed,wet_forest,extant,endangered
P_p_edwardsi_AMNH_269917_3,Perodicticus_edwardsi,TC,mixed,wet_forest,extant,endangered
P_p_edwardsi_AMNH_269917_4,Perodicticus_edwardsi,LL,mixed,wet_forest,extant,endangered
P_p_edwardsi_AMNH_269917_5,Perodicticus_edwardsi,LR,mixed,wet_forest,extant,endangered
P_p_potto_AMNH_239436_1,Perodicticus_potto,UL,fruit,wet_forest,extant,na
P_p_potto_AMNH_239436_2,Perodicticus_potto,UR,fruit,wet_forest,extant,na
P_p_potto_AMNH_239436_3,Perodicticus_potto,TC,fruit,wet_forest,extant,na
P_p_potto_AMNH_239436_4,Perodicticus_potto,LL,fruit,wet_forest,extant,na
P_p_potto_AMNH_239436_5,Perodicticus_potto,LR,fruit,wet_forest,extant,na
P_potto_AMNH_31252_1,Perodicticus_potto,UL,fruit,wet_forest,extant,na
P_potto_AMNH_31252_2,Perodicticus_potto,UR,fruit,wet_forest,extant,na
P_potto_AMNH_31252_3,Perodicticus_potto,LL,fruit,wet_forest,extant,na
P_potto_AMNH_31252_4,Perodicticus_potto,LR,fruit,wet_forest,extant,na
P_potto_UM-APC_126_1,Perodicticus_potto,UL,fruit,wet_forest,extant,na
P_potto_UM-APC_126_2,Perodicticus_potto,LL,fruit,wet_forest,extant,na
P_potto_UM-APC_126_3,Perodicticus_potto,LR,fruit,wet_forest,extant,na
P_potto_UM-APC_163_1,Perodicticus_potto,UR,fruit,wet_forest,extant,na
P_potto_UM-APC_163_2,Perodicticus_potto,LR,fruit,wet_forest,extant,na
P_potto_UM-APC_201_1,Perodicticus_potto,UL,fruit,wet_forest,extant,na
P_potto_UM-APC_201_2,Perodicticus_potto,UR,fruit,wet_forest,extant,na
P_potto_UM-APC_201_3,Perodicticus_potto,LL,fruit,wet_forest,extant,na
P_potto_UM-APC_201_4,Perodicticus_potto,LR,fruit,wet_forest,extant,na
P_potto_UM-APC_248_1,Perodicticus_potto,UL,fruit,wet_forest,extant,na
P_potto_UM-APC_248_2,Perodicticus_potto,UR,fruit,wet_forest,extant,na
P_potto_UM-APC_248_3,Perodicticus_potto,TC,fruit,wet_forest,extant,na
P_potto_UM-APC_248_4,Perodicticus_potto,LL,fruit,wet_forest,extant,na
P_potto_UM-APC_248_5,Perodicticus_potto,LR,fruit,wet_forest,extant,na
P_v_coquereli_UM.APC_329_1,Propithecus_coquereli,UL,mixed,mixed,extant,endangered
P_v_coquereli_UM.APC_329_2,Propithecus_coquereli,UR,mixed,mixed,extant,endangered
P_v_coquereli_UM.APC_329_3,Propithecus_coquereli,TC,mixed,mixed,extant,endangered
P_v_coquereli_UM.APC_329_4,Propithecus_coquereli,LL,mixed,mixed,extant,endangered
P_v_coquereli_UM.APC_329_5,Propithecus_coquereli,LR,mixed,mixed,extant,endangered
P_verreaux_DPC_1071_1,Propithecus_verreauxi,UL,mixed,mixed,extant,endangered
P_verreaux_DPC_1071_2,Propithecus_verreauxi,UR,mixed,mixed,extant,endangered
P_verreaux_DPC_1071_3,Propithecus_verreauxi,TC,mixed,mixed,extant,endangered
P_verreaux_DPC_1071_4,Propithecus_verreauxi,LL,mixed,mixed,extant,endangered
P_verreaux_DPC_1071_5,Propithecus_verreauxi,LR,mixed,mixed,extant,endangered
P_verreaux_YPM_313_1,Propithecus_verreauxi,UL,mixed,mixed,extant,endangered
P_verreaux_YPM_313_2,Propithecus_verreauxi,UR,mixed,mixed,extant,endangered
P_verreaux_YPM_313_3,Propithecus_verreauxi,TC,mixed,mixed,extant,endangered
P_verreaux_YPM_313_4,Propithecus_verreauxi,LL,mixed,mixed,extant,endangered
P_verreaux_YPM_313_5,Propithecus_verreauxi,LR,mixed,mixed,extant,endangered
P_verreauxi_UM.APC_019_1,Propithecus_verreauxi,UL,mixed,mixed,extant,endangered
P_verreauxi_UM.APC_019_2,Propithecus_verreauxi,UR,mixed,mixed,extant,endangered
P_verreauxi_UM.APC_019_3,Propithecus_verreauxi,TC,mixed,mixed,extant,endangered
P_verreauxi_UM.APC_019_4,Propithecus_verreauxi,LL,mixed,mixed,extant,endangered
P_verreauxi_UM.APC_019_5,Propithecus_verreauxi,LR,mixed,mixed,extant,endangered
P_verreauxi_UM.APC_334_1,Propithecus_verreauxi,UL,mixed,mixed,extant,endangered
P_verreauxi_UM.APC_334_2,Propithecus_verreauxi,UR,mixed,mixed,extant,endangered
P_verreauxi_UM.APC_334_3,Propithecus_verreauxi,TC,mixed,mixed,extant,endangered
P_verreauxi_UM.APC_334_4,Propithecus_verreauxi,LL,mixed,mixed,extant,endangered
P_verreauxi_UM.APC_334_5,Propithecus_verreauxi,LR,mixed,mixed,extant,endangered
V_rubra_AMNH_100513_1,Varecia_rubra,UL,fruit,wet_forest,extant,critically_endangered
V_rubra_AMNH_100513_2,Varecia_rubra,UR,fruit,wet_forest,extant,critically_endangered
V_rubra_AMNH_100513_4,Varecia_rubra,LL,fruit,wet_forest,extant,critically_endangered
V_rubra_AMNH_100513_5,Varecia_rubra,LR,fruit,wet_forest,extant,critically_endangered
V_rubra_AMNH_100514_1,Varecia_rubra,UL,fruit,wet_forest,extant,critically_endangered
V_rubra_AMNH_100514_2,Varecia_rubra,UR,fruit,wet_forest,extant,critically_endangered
V_rubra_AMNH_100514_3,Varecia_rubra,TC,fruit,wet_forest,extant,critically_endangered
V_rubra_AMNH_100514_4,Varecia_rubra,LL,fruit,wet_forest,extant,critically_endangered
V_rubra_AMNH_100514_5,Varecia_rubra,LR,fruit,wet_forest,extant,critically_endangered
V_rubra_UM.APC_123_1,Varecia_rubra,UL,fruit,wet_forest,extant,critically_endangered
V_rubra_UM.APC_123_2,Varecia_rubra,TC,fruit,wet_forest,extant,critically_endangered
V_rubra_UM.APC_123_3,Varecia_rubra,LL,fruit,wet_forest,extant,critically_endangered
V_v_rubra_UM.APC_324_1,Varecia_rubra,UL,fruit,wet_forest,extant,critically_endangered
V_v_rubra_UM.APC_324_2,Varecia_rubra,UR,fruit,wet_forest,extant,critically_endangered
V_v_rubra_UM.APC_324_3,Varecia_rubra,LL,fruit,wet_forest,extant,critically_endangered
V_v_rubra_UM.APC_324_4,Varecia_rubra,LR,fruit,wet_forest,extant,critically_endangered
V_v_variegata_AMNH_100512_1,Varecia_variegata,UL,fruit,wet_forest,extant,critically_endangered
V_v_variegata_AMNH_100512_2,Varecia_variegata,UR,fruit,wet_forest,extant,critically_endangered
V_v_variegata_AMNH_100512_4,Varecia_variegata,LL,fruit,wet_forest,extant,critically_endangered
V_v_variegata_AMNH_100512_5,Varecia_variegata,LR,fruit,wet_forest,extant,critically_endangered
V_v_variegata_AMNH_17338_1,Varecia_variegata,UL,fruit,wet_forest,extant,critically_endangered
V_v_variegata_AMNH_17338_2,Varecia_variegata,UR,fruit,wet_forest,extant,critically_endangered
V_v_variegata_AMNH_17338_3,Varecia_variegata,TC,fruit,wet_forest,extant,critically_endangered
V_v_variegata_AMNH_17338_4,Varecia_variegata,LL,fruit,wet_forest,extant,critically_endangered
V_v_variegata_AMNH_17338_5,Varecia_variegata,LR,fruit,wet_forest,extant,critically_endangered
V_v_variegata_YPM_14949_1,Varecia_variegata,TC,fruit,wet_forest,extant,critically_endangered
V_variegata_AMNH_35109_1,Varecia_variegata,UL,fruit,wet_forest,extant,critically_endangered
V_variegata_AMNH_35109_2,Varecia_variegata,UR,fruit,wet_forest,extant,critically_endangered
V_variegata_AMNH_35109_3,Varecia_variegata,TC,fruit,wet_forest,extant,critically_endangered
V_variegata_AMNH_35109_4,Varecia_variegata,LL,fruit,wet_forest,extant,critically_endangered
V_variegata_AMNH_35109_5,Varecia_variegata,LR,fruit,wet_forest,extant,critically_endangered
V_variegata_DPC_1185_1,Varecia_variegata,UL,fruit,wet_forest,extant,critically_endangered
V_variegata_DPC_1185_2,Varecia_variegata,UR,fruit,wet_forest,extant,critically_endangered
V_variegata_UM.APC_285_1,Varecia_variegata,UL,fruit,wet_forest,extant,critically_endangered
V_variegata_UM.APC_285_2,Varecia_variegata,UR,fruit,wet_forest,extant,critically_endangered
V_variegata_UM.APC_285_3,Varecia_variegata,LL,fruit,wet_forest,extant,critically_endangered
V_variegata_UM.APC_333_1,Varecia_variegata,UL,fruit,wet_forest,extant,critically_endangered
V_variegata_UM.APC_333_2,Varecia_variegata,UR,fruit,wet_forest,extant,critically_endangered
V_variegata_UM.APC_333_3,Varecia_variegata,LL,fruit,wet_forest,extant,critically_endangered
V_variegata_UM.APC_333_4,Varecia_variegata,LR,fruit,wet_forest,extant,critically_endangered
V_variegata_YPM_1605_1,Varecia_variegata,UL,fruit,wet_forest,extant,critically_endangered
V_variegata_YPM_1605_2,Varecia_variegata,UR,fruit,wet_forest,extant,critically_endangered
V_variegata_YPM_1605_3,Varecia_variegata,LL,fruit,wet_forest,extant,critically_endangered
V_variegata_YPM_1605_4,Varecia_variegata,LR,fruit,wet_forest,extant,critically_endangered
V_variegata_YPM_996_1,Varecia_variegata,UL,fruit,wet_forest,extant,critically_endangered
V_variegata_YPM_996_2,Varecia_variegata,UR,fruit,wet_forest,extant,critically_endangered
V_variegata_YPM_996_4,Varecia_variegata,LL,fruit,wet_forest,extant,critically_endangered
V_variegata_YPM_996_5,Varecia_variegata,LR,fruit,wet_forest,extant,critically_endangered
Archaeolemur_DPC_10905_1,Archaeolemur,UR,fruit,grassland,extinct,na
G_senegalensis_UM-APC_167_1,Galago_senegalensis,UL,omnivore,woodland,extant,na
G_senegalensis_UM-APC_167_2,Galago_senegalensis,UR,omnivore,woodland,extant,na
G_senegalensis_UM-APC_167_3,Galago_senegalensis,TC,omnivore,woodland,extant,na
G_senegalensis_UM-APC_167_4,Galago_senegalensis,LL,omnivore,woodland,extant,na
G_senegalensis_UM-APC_167_5,Galago_senegalensis,LR,omnivore,woodland,extant,na
H_griseus_YPM_14968_1,Hapalemur_griseus,UL,leaves,wet_forest,extant,vulnerable
H_griseus_YPM_14968_2,Hapalemur_griseus,UR,leaves,wet_forest,extant,vulnerable
H_griseus_YPM_14968_3,Hapalemur_griseus,TC,leaves,wet_forest,extant,vulnerable
H_griseus_YPM_14968_4,Hapalemur_griseus,LL,leaves,wet_forest,extant,vulnerable
H_griseus_YPM_14968_5,Hapalemur_griseus,LR,leaves,wet_forest,extant,vulnerable
I_indri_DPC_11756_1,Indri_indri,UL,leaves,wet_forest,extant,critically_endangered
I_indri_DPC_11756_2,Indri_indri,UR,leaves,wet_forest,extant,critically_endangered
L_f_collaris_DPC_1160_1,Eulemur_collaris,UL,fruit,wet_forest,extant,endangered
L_f_collaris_DPC_1160_2,Eulemur_collaris,UR,fruit,wet_forest,extant,endangered
L_f_collaris_DPC_1160_3,Eulemur_collaris,TC,fruit,wet_forest,extant,endangered
L_f_collaris_DPC_1160_4,Eulemur_collaris,LL,fruit,wet_forest,extant,endangered
L_f_collaris_DPC_1160_5,Eulemur_collaris,LR,fruit,wet_forest,extant,endangered
L_f_fulvus_DPC_59_1,Eulemur_fulvus,UL,mixed,mixed,extant,near_threatened
L_f_fulvus_DPC_59_2,Eulemur_fulvus,UR,mixed,mixed,extant,near_threatened
L_f_fulvus_DPC_59_3,Eulemur_fulvus,TC,mixed,mixed,extant,near_threatened
M_murinus_YPM_14961_1,Microcebus_murinus,UL,omnivore,mixed,extant,least_concern
M_murinus_YPM_14961_2,Microcebus_murinus,UR,omnivore,mixed,extant,least_concern
M_murinus_YPM_14961_3,Microcebus_murinus,TC,omnivore,mixed,extant,least_concern
M_murinus_YPM_14961_4,Microcebus_murinus,LL,omnivore,mixed,extant,least_concern
M_murinus_YPM_14961_5,Microcebus_murinus,LR,omnivore,mixed,extant,least_concern
N_pygmaeus_YPM_15724_1,Nycticebus_pygmaeus,UL,omnivore,wet_forest,extant,na
N_pygmaeus_YPM_15724_2,Nycticebus_pygmaeus,UR,omnivore,wet_forest,extant,na
N_pygmaeus_YPM_15724_3,Nycticebus_pygmaeus,TC,omnivore,wet_forest,extant,na
N_pygmaeus_YPM_15724_4,Nycticebus_pygmaeus,LL,omnivore,wet_forest,extant,na
N_pygmaeus_YPM_15724_5,Nycticebus_pygmaeus,LR,omnivore,wet_forest,extant,na
P_ingens_DPC_18741_1,Palaeopropithecus_ingens,UL,mixed,mixed,extinct,extinct
P_ingens_DPC_18741_2,Palaeopropithecus_ingens,LL,mixed,mixed,extinct,extinct
P_ingens_DPC_18741_3,Palaeopropithecus_ingens,LR,mixed,mixed,extinct,extinct
Paleopropithecus_DPC_18912_1,Palaeopropithecus,TC,mixed,mixed,extinct,extinct
A_fontoynonti_PBZT_1,Archaeoindris_fontoynontii,UR,leaves,mixed,extinct,extinct
A_fontoynonti_PBZT_2,Archaeoindris_fontoynontii,LL,leaves,mixed,extinct,extinct
A_fontoynonti_PBZT_3,Archaeoindris_fontoynontii,LR,leaves,mixed,extinct,extinct
A_majori_PBZT_1,Archaeolemur_majori,UL,fruit,mixed,extinct,extinct
A_majori_PBZT_2,Archaeolemur_majori,UR,fruit,mixed,extinct,extinct
H_stenognathus_PBZT_1,Hadropithecus_stenognathus,UL,mixed,spiny_forest,extinct,extinct
H_stenognathus_PBZT_2,Hadropithecus_stenognathus,UR,mixed,spiny_forest,extinct,extinct
Indris_PBZT_1,Indri_indri,UL,leaves,wet_forest,extant,critically_endangered
Indris_PBZT_2,Indri_indri,UR,leaves,wet_forest,extant,critically_endangered
Indris_PBZT_3,Indri_indri,TC,leaves,wet_forest,extant,critically_endangered
Indris_PBZT_4,Indri_indri,LL,leaves,wet_forest,extant,critically_endangered
Indris_PBZT_5,Indri_indri,LR,leaves,wet_forest,extant,critically_endangered
L_f_collaris_MCZ_44890_1,Eulemur_collaris,UL,fruit,wet_forest,extant,endangered
L_f_collaris_MCZ_44890_2,Eulemur_collaris,UR,fruit,wet_forest,extant,endangered
L_f_collaris_MCZ_44890_3,Eulemur_collaris,TC,fruit,wet_forest,extant,endangered
L_f_collaris_MCZ_44890_4,Eulemur_collaris,LL,fruit,wet_forest,extant,endangered
L_f_collaris_MCZ_44890_5,Eulemur_collaris,LR,fruit,wet_forest,extant,endangered
L_f_collaris_MCZ_44895_1,Eulemur_collaris,UL,fruit,wet_forest,extant,endangered
L_f_collaris_MCZ_44895_2,Eulemur_collaris,UR,fruit,wet_forest,extant,endangered
L_f_collaris_MCZ_44895_3,Eulemur_collaris,TC,fruit,wet_forest,extant,endangered
L_f_collaris_MCZ_44895_4,Eulemur_collaris,LL,fruit,wet_forest,extant,endangered
L_f_collaris_MCZ_44895_5,Eulemur_collaris,LR,fruit,wet_forest,extant,endangered
L_f_fulvus_MCZ_45127_1,Eulemur_fulvus,UL,mixed,mixed,extant,near_threatened
L_f_fulvus_MCZ_45127_2,Eulemur_fulvus,UR,mixed,mixed,extant,near_threatened
L_f_fulvus_MCZ_45127_3,Eulemur_fulvus,TC,mixed,mixed,extant,near_threatened
L_f_fulvus_MCZ_45127_4,Eulemur_fulvus,LL,mixed,mixed,extant,near_threatened
L_f_fulvus_MCZ_8044_1,Eulemur_fulvus,UL,mixed,mixed,extant,near_threatened
L_f_fulvus_MCZ_8044_2,Eulemur_fulvus,UR,mixed,mixed,extant,near_threatened
L_f_fulvus_MCZ_8044_3,Eulemur_fulvus,TC,mixed,mixed,extant,near_threatened
L_f_fulvus_MCZ_8044_4,Eulemur_fulvus,LL,mixed,mixed,extant,near_threatened
L_f_fulvus_MCZ_8044_5,Eulemur_fulvus,LR,mixed,mixed,extant,near_threatened
L_mongoz_MCZ_44894_1,Eulemur_mongoz,UL,fruit,dry_forest,extant,critically_endangered
L_mongoz_MCZ_44894_2,Eulemur_mongoz,UR,fruit,dry_forest,extant,critically_endangered
L_mongoz_MCZ_44894_3,Eulemur_mongoz,TC,fruit,dry_forest,extant,critically_endangered
L_mongoz_MCZ_44894_4,Eulemur_mongoz,LL,fruit,dry_forest,extant,critically_endangered
L_mongoz_MCZ_44894_5,Eulemur_mongoz,LR,fruit,dry_forest,extant,critically_endangered
M_edwardsi_PBZT_1,Megaladapis_edwardsi,UL,leaves,spiny_forest,extinct,extinct
M_edwardsi_PBZT_2,Megaladapis_edwardsi,UR,leaves,spiny_forest,extinct,extinct
M_madagascariensis_PBZT_1,Megaladapis_madagascariensis,UL,leaves,mixed,extinct,extinct
M_madagascariensis_PBZT_2,Megaladapis_madagascariensis,UR,leaves,mixed,extinct,extinct
M_madagascariensis_PBZT_3,Megaladapis_madagascariensis,TC,leaves,mixed,extinct,extinct
M_madagascariensis_PBZT_4,Megaladapis_madagascariensis,LR,leaves,mixed,extinct,extinct
P_d_diadema_MCZ_18741_1,Propithecus_diadema,UL,mixed,wet_forest,extant,critically_endangered
P_d_diadema_MCZ_18741_2,Propithecus_diadema,UR,mixed,wet_forest,extant,critically_endangered
P_d_diadema_MCZ_18741_3,Propithecus_diadema,TC,mixed,wet_forest,extant,critically_endangered
P_d_diadema_MCZ_18741_4,Propithecus_diadema,LL,mixed,wet_forest,extant,critically_endangered
P_d_diadema_MCZ_18741_5,Propithecus_diadema,LR,mixed,wet_forest,extant,critically_endangered
P_d_diadema_MCZ_44853_1,Propithecus_diadema,UL,mixed,wet_forest,extant,critically_endangered
P_d_diadema_MCZ_44853_2,Propithecus_diadema,UR,mixed,wet_forest,extant,critically_endangered
P_d_diadema_MCZ_44853_3,Propithecus_diadema,TC,mixed,wet_forest,extant,critically_endangered
P_d_diadema_MCZ_44853_4,Propithecus_diadema,LL,mixed,wet_forest,extant,critically_endangered
P_d_diadema_MCZ_44853_5,Propithecus_diadema,LR,mixed,wet_forest,extant,critically_endangered
P_d_edwardsi_MCZ_8042_1,Propithecus_edwardsi,UL,mixed,wet_forest,extant,endangered
P_d_edwardsi_MCZ_8042_2,Propithecus_edwardsi,UR,mixed,wet_forest,extant,endangered
P_d_edwardsi_MCZ_8042_3,Propithecus_edwardsi,TC,mixed,wet_forest,extant,endangered
P_d_edwardsi_MCZ_8042_4,Propithecus_edwardsi,LL,mixed,wet_forest,extant,endangered
P_d_edwardsi_MCZ_8042_5,Propithecus_edwardsi,LR,mixed,wet_forest,extant,endangered
P_maximus_PBZT_1,Palaeopropithecus_maximus,UL,fruit,wet_forest,extinct,extinct
P_maximus_PBZT_2,Palaeopropithecus_maximus,UR,fruit,wet_forest,extinct,extinct
Propithecus_PBZT_1,Propithecus,UL,mixed,mixed,extant,na
Propithecus_PBZT_2,Propithecus,UR,mixed,mixed,extant,na
Propithecus_PBZT_3,Propithecus,TC,mixed,mixed,extant,na
Propithecus_PBZT_4,Propithecus,LL,mixed,mixed,extant,na
Propithecus_PBZT_5,Propithecus,LR,mixed,mixed,extant,na
